"id","firstname","lastname","email","phone","userName","vehicle"
"1","Rochelle","Walsh","Rochelle.Walsh@gmail.com","+1 (910) 233-0452","Julian8","Porsche Camry"
"2","Salvatore","Howe","Salvatore77@yahoo.com","+1 (307) 764-0276","Elfrieda_Thiel61","Tesla 911"
"3","Marion","Abshire","Marion_Abshire76@gmail.com","+1 (991) 158-5013","Isidro6","Ford Aventador"
"4","Tom","Hane","Tom_Hane@hotmail.com","+1 (158) 082-6575","Edward_Ratke","Bugatti ATS"
"5","Santiago","Reinger","Santiago_Reinger@hotmail.com","+1 (173) 684-5993","Tyrell.Nader","Cadillac A4"
"6","Anna","Connelly","Anna32@hotmail.com","+1 (964) 221-0773","Isidro.Hodkiewicz","Mini Explorer"
"7","Sheila","Carroll","Sheila.Carroll@yahoo.com","+1 (691) 633-4113","Orion_Funk","Tesla Malibu"
"8","Geraldine","Collins","Geraldine.Collins24@hotmail.com","+1 (219) 198-4936","Kris_Considine","Lamborghini Ranchero"
"9","Tracey","Hickle","Tracey_Hickle@gmail.com","+1 (044) 132-9910","Hilario_Hane0","Ferrari 1"
"10","Joan","Collins","Joan.Collins@yahoo.com","+1 (132) 142-5727","Agustina5","Volkswagen 911"